epoch,g_loss,d_loss,d_real_prob,d_fake_prob,d_real_logit,d_fake_logit,epoch_seconds,fid
1,1.432070437876906,0.9714385752302374,0.5194257497787476,0.1209489107131958,0.10139907896518707,-2.1936631202697754,341.57576608657837,423.08004812716814
